{"cameraMode":{"drawMode":0,"name":"Shaded","section":"Shading Mode"},"sceneLighting":false,"audioPlay":false,"sceneViewState":{"showFog":true,"showMaterialUpdate":false,"showSkybox":false,"showFlares":true,"showImageEffects":true,"showParticleSystems":true},"in2DMode":false,"pivot":{"x":1.0970001220703126,"y":0.014999998733401299,"z":1.2610015869140626},"rotation":{"x":0.27729278802871706,"y":-0.6457814574241638,"z":0.27251020073890688,"w":0.6571291089057922},"size":0.07120925188064575,"orthographic":false}