{"cameraMode":{"drawMode":0,"name":"Shaded","section":"Shading Mode"},"sceneLighting":false,"audioPlay":false,"sceneViewState":{"showFog":true,"showMaterialUpdate":false,"showSkybox":false,"showFlares":true,"showImageEffects":true,"showParticleSystems":true},"in2DMode":false,"pivot":{"x":-0.3642248511314392,"y":-0.5020554065704346,"z":-0.48786064982414248},"rotation":{"x":0.10412915796041489,"y":-0.8959716558456421,"z":0.30418461561203005,"w":0.30654919147491457},"size":0.6793931722640991,"orthographic":false}