{"cameraMode":{"drawMode":0,"name":"Shaded","section":"Shading Mode"},"sceneLighting":true,"audioPlay":false,"sceneViewState":{"showFog":true,"showMaterialUpdate":false,"showSkybox":true,"showFlares":true,"showImageEffects":true,"showParticleSystems":true},"in2DMode":false,"pivot":{"x":7.815639495849609,"y":0.8489867448806763,"z":-0.09299063682556153},"rotation":{"x":0.0989118218421936,"y":-0.8925777673721314,"z":0.2386757880449295,"w":0.36967793107032778},"size":3.734668016433716,"orthographic":false}