{"cameraMode":{"drawMode":0,"name":"Shaded","section":"Shading Mode"},"sceneLighting":true,"audioPlay":false,"sceneViewState":{"showFog":true,"showMaterialUpdate":false,"showSkybox":true,"showFlares":true,"showImageEffects":true,"showParticleSystems":true},"in2DMode":false,"pivot":{"x":5.605335235595703,"y":-0.35420095920562746,"z":-3.0553159713745119},"rotation":{"x":0.08685071021318436,"y":-0.8571158647537231,"z":0.15352968871593476,"w":0.48410749435424807},"size":2.2572379112243654,"orthographic":false}