{"cameraMode":{"drawMode":0,"name":"Shaded","section":"Shading Mode"},"sceneLighting":false,"audioPlay":false,"sceneViewState":{"showFog":true,"showMaterialUpdate":false,"showSkybox":false,"showFlares":true,"showImageEffects":true,"showParticleSystems":true},"in2DMode":false,"pivot":{"x":5.191686153411865,"y":0.029170706868171693,"z":-0.045109063386917117},"rotation":{"x":0.09979093074798584,"y":-0.8349396586418152,"z":0.1612786501646042,"w":0.5166351199150086},"size":0.15723568201065064,"orthographic":false}