{"cameraMode":{"drawMode":0,"name":"Shaded","section":"Shading Mode"},"sceneLighting":false,"audioPlay":false,"sceneViewState":{"showFog":true,"showMaterialUpdate":false,"showSkybox":false,"showFlares":true,"showImageEffects":true,"showParticleSystems":true},"in2DMode":false,"pivot":{"x":-0.003906384110450745,"y":-0.07662613689899445,"z":-0.035021036863327029},"rotation":{"x":0.08736887574195862,"y":-0.9127100706100464,"z":0.2781303822994232,"w":0.28649505972862246},"size":0.20262965559959413,"orthographic":false}