{"cameraMode":{"drawMode":0,"name":"Shaded","section":"Shading Mode"},"sceneLighting":true,"audioPlay":false,"sceneViewState":{"showFog":true,"showMaterialUpdate":false,"showSkybox":true,"showFlares":true,"showImageEffects":true,"showParticleSystems":true},"in2DMode":false,"pivot":{"x":7.497777462005615,"y":0.13225698471069337,"z":-1.4235196113586426},"rotation":{"x":0.09558669477701187,"y":-0.9045095443725586,"z":0.29652824997901919,"w":0.2913903594017029},"size":4.379103660583496,"orthographic":false}